<?xml version="1.0" encoding="UTF-8" ?>
<beans xmlns="http://www.springframework.org/schema/beans"
       xmlns:xsi="http://www.w3.org/2001/XMLSchema-instance"
       xmlns:mybatis-spring="http://mybatis.org/schema/mybatis-spring"
       xmlns:context="http://www.springframework.org/schema/context"
       xmlns:tx="http://www.springframework.org/schema/tx"
       xsi:schemaLocation="http://www.springframework.org/schema/beans
                        http://www.springframework.org/schema/beans/spring-beans-3.1.xsd
                        http://mybatis.org/schema/mybatis-spring
                        http://mybatis.org/schema/mybatis-spring.xsd
                        http://www.springframework.org/schema/context
                        http://www.springframework.org/schema/context/spring-context-3.1.xsd
                        http://www.springframework.org/schema/tx
                        http://www.springframework.org/schema/tx/spring-tx.xsd">
    <!-- 自动扫描 -->
    <context:component-scan base-package="java">
        <context:include-filter type="annotation" expression="org.springframework.stereotype.Controller"/>
    </context:component-scan>

    <mybatis-spring:scan base-package="mapper"/>
    <!-- 引入数据库配置文件 -->
    <bean id = "propertyConfigurer"
          class = "org.springframework.beans.factory.config.PreferencesPlaceholderConfigurer">
        <property name = "location" value="classpath:jdbc.properties" />
    </bean>
    <!-- 连接池 -->
    <bean id = "dataSource" class = "com.alibaba.druid.pool.DruidDataSource"
          destroy-method = "close">
        <property name="driverClassName" value="${jdbc.driver}" />
        <property name="url" value="${jdbc.url}" />
        <property name="username" value="${jdbc.username}" />
        <property name="password" value="${jdbc.password}" />
        <!-- 初始化连接大小 -->
        <property name="initialSize" value="${jdbc.initialSize}" />
        <!-- 连接池最大数量 -->
        <property name="maxActive" value="${jdbc.maxActive}"/>
        <!-- 连接池最大空闲 -->
        <property name="maxIdle" value="${jdbc.maxIdle}" />
        <!-- 连接池最小空闲 -->
        <property name="minIdle" value="${jdbc.minIdle}" />
        <!-- 获取连接最大等待时间 -->
        <property name="maxWait" value="${jdbc.maxWait}" />
    </bean>

    <!-- 结合Spring和Mybatis -->
    <bean id = "sqlSessionFactory" class="org.mybatis.spring.SqlSessionFactoryBean">
        <property name="dataSource" ref="dataSource" />
    </bean>

    <!-- 定义事务 -->
    <bean id = "transactionManager"
          class = "org.springframework.jdbc.datasource.DataSourceTransactionManager">
        <property name = "dataSource" ref = "dataSource" />
    </bean>
    <!-- 使用注解定义事务 -->
    <tx:annotation-driven transaction-manager = "transactionManager" />
</beans>